{"cameraMode":{"drawMode":0,"name":"Shaded","section":"Shading Mode"},"sceneLighting":false,"audioPlay":false,"sceneViewState":{"m_AlwaysRefresh":false,"showFog":true,"showSkybox":false,"showFlares":true,"showImageEffects":true,"showParticleSystems":true,"showVisualEffectGraphs":true,"m_FxEnabled":true},"in2DMode":false,"pivot":{"x":1.5949993133544922,"y":4.280363082885742,"z":-6.1437907218933109},"rotation":{"x":0.004055852070450783,"y":0.6942876577377319,"z":0.003990566357970238,"w":-0.719727635383606},"size":5.966026306152344,"orthographic":false}