{"cameraMode":{"drawMode":0,"name":"Shaded","section":"Shading Mode"},"sceneLighting":false,"audioPlay":false,"sceneViewState":{"m_AlwaysRefresh":false,"showFog":true,"showSkybox":true,"showFlares":true,"showImageEffects":true,"showParticleSystems":true,"showVisualEffectGraphs":true,"m_FxEnabled":true},"in2DMode":false,"pivot":{"x":-127.75875091552735,"y":37.33023452758789,"z":79.98663330078125},"rotation":{"x":-0.15550994873046876,"y":-0.2683630883693695,"z":0.043945442885160449,"w":-0.9496752023696899},"size":33.424312591552737,"orthographic":false}