{"cameraMode":{"drawMode":0,"name":"Shaded","section":"Shading Mode"},"sceneLighting":false,"audioPlay":false,"sceneViewState":{"m_AlwaysRefresh":false,"showFog":true,"showSkybox":true,"showFlares":true,"showImageEffects":true,"showParticleSystems":true,"showVisualEffectGraphs":true,"m_FxEnabled":true},"in2DMode":false,"pivot":{"x":18.701751708984376,"y":-137.71551513671876,"z":481.05999755859377},"rotation":{"x":-0.32293155789375307,"y":0.15187326073646546,"z":-0.052566543221473697,"w":-0.9327055215835571},"size":579.9764404296875,"orthographic":false}