{"cameraMode":{"drawMode":0,"name":"Shaded","section":"Shading Mode"},"sceneLighting":false,"audioPlay":false,"sceneViewState":{"m_AlwaysRefresh":false,"showFog":true,"showSkybox":true,"showFlares":true,"showImageEffects":true,"showParticleSystems":true,"showVisualEffectGraphs":true,"m_FxEnabled":true},"in2DMode":false,"pivot":{"x":239.45399475097657,"y":3.462245225906372,"z":106.30362701416016},"rotation":{"x":-0.029626457020640374,"y":0.6216678619384766,"z":-0.023480674251914026,"w":-0.7824127078056336},"size":1.2339746952056885,"orthographic":false}