{"cameraMode":{"drawMode":0,"name":"Shaded","section":"Shading Mode"},"sceneLighting":false,"audioPlay":false,"sceneViewState":{"m_AlwaysRefresh":false,"showFog":true,"showSkybox":true,"showFlares":true,"showImageEffects":true,"showParticleSystems":true,"showVisualEffectGraphs":true,"m_FxEnabled":true},"in2DMode":false,"pivot":{"x":245.59304809570313,"y":0.8000030517578125,"z":-89.40718078613281},"rotation":{"x":-0.017729125916957856,"y":0.7880250811576843,"z":-0.02270480990409851,"w":-0.6150082349777222},"size":133.36790466308595,"orthographic":false}