{"cameraMode":{"drawMode":0,"name":"Shaded","section":"Shading Mode"},"sceneLighting":false,"audioPlay":false,"sceneViewState":{"m_AlwaysRefresh":false,"showFog":true,"showSkybox":true,"showFlares":true,"showImageEffects":true,"showParticleSystems":true,"showVisualEffectGraphs":true,"m_FxEnabled":true},"in2DMode":false,"pivot":{"x":292.2571716308594,"y":191.19985961914063,"z":236.91592407226563},"rotation":{"x":-0.10361289978027344,"y":-0.014324868097901345,"z":0.0014918959932401777,"w":-0.9945166707038879},"size":284.4765319824219,"orthographic":false}