{"cameraMode":{"drawMode":0,"name":"Shaded","section":"Shading Mode"},"sceneLighting":false,"audioPlay":false,"sceneViewState":{"m_AlwaysRefresh":false,"showFog":true,"showSkybox":true,"showFlares":true,"showImageEffects":true,"showParticleSystems":true,"showVisualEffectGraphs":true,"m_FxEnabled":true},"in2DMode":false,"pivot":{"x":248.3014678955078,"y":1.0934228897094727,"z":104.0758056640625},"rotation":{"x":0.035334981977939609,"y":-0.9277513027191162,"z":0.09104502201080322,"w":0.3603549301624298},"size":0.2660253643989563,"orthographic":false}