{"cameraMode":{"drawMode":0,"name":"Shaded","section":"Shading Mode"},"sceneLighting":false,"audioPlay":false,"sceneViewState":{"m_AlwaysRefresh":false,"showFog":true,"showSkybox":true,"showFlares":true,"showImageEffects":true,"showParticleSystems":true,"showVisualEffectGraphs":true,"m_FxEnabled":true},"in2DMode":false,"pivot":{"x":27.300003051757814,"y":0.9000015258789063,"z":105.69999694824219},"rotation":{"x":0.09885566681623459,"y":-0.7120315432548523,"z":0.10240510106086731,"w":0.6876541376113892},"size":7.368739128112793,"orthographic":false}