{"cameraMode":{"drawMode":0,"name":"Shaded","section":"Shading Mode"},"sceneLighting":false,"audioPlay":false,"sceneViewState":{"m_AlwaysRefresh":false,"showFog":true,"showSkybox":true,"showFlares":true,"showImageEffects":true,"showParticleSystems":true,"showVisualEffectGraphs":true,"m_FxEnabled":true},"in2DMode":false,"pivot":{"x":244.63070678710938,"y":1.0419669151306153,"z":99.24320220947266},"rotation":{"x":0.03085288032889366,"y":0.6715708374977112,"z":0.028021901845932008,"w":-0.7397986054420471},"size":0.12733417749404908,"orthographic":false}