{"cameraMode":{"drawMode":0,"name":"Shaded","section":"Shading Mode"},"sceneLighting":false,"audioPlay":false,"sceneViewState":{"m_AlwaysRefresh":false,"showFog":true,"showSkybox":false,"showFlares":true,"showImageEffects":true,"showParticleSystems":true,"showVisualEffectGraphs":true,"m_FxEnabled":true},"in2DMode":false,"pivot":{"x":-0.14500045776367188,"y":4.280363082885742,"z":-5.813791275024414},"rotation":{"x":0.004055852070450783,"y":0.6942876577377319,"z":0.003990566357970238,"w":-0.719727635383606},"size":26.967863082885743,"orthographic":false}